FrmId, RotX,  RotY,  RotZ,  AccTrans, nFrames
00016, 3.089, 5.704, 3.517, 0.339455, 016
00028, 3.575, 6.202, 2.936, 0.370326, 012
00039, 0.751, 6.250, 1.657, 0.311971, 011
